<?xml version="1.0" encoding="UTF-8"?>
<project xsi:schemaLocation="http://maven.apache.org/POM/4.0.0 https://maven.apache.org/xsd/maven-4.0.0.xsd" xmlns="http://maven.apache.org/POM/4.0.0"
    xmlns:xsi="http://www.w3.org/2001/XMLSchema-instance">
  <modelVersion>4.0.0</modelVersion>
  <parent>
    <groupId>io.spring.start</groupId>
    <artifactId>start-parent</artifactId>
    <version>0.0.1-SNAPSHOT</version>
  </parent>
  <groupId>io.spring.start</groupId>
  <artifactId>start-site</artifactId>
  <version>0.0.1-SNAPSHOT</version>
  <name>start.spring.io website</name>
  <description>Parent pom providing dependency and plugin management for applications built with Maven</description>
  <url>https://spring.io/projects/spring-boot/start-parent/start-site</url>
  <organization>
    <name>Pivotal Software, Inc.</name>
    <url>https://spring.io</url>
  </organization>
  <licenses>
    <license>
      <name>Apache License, Version 2.0</name>
      <url>https://www.apache.org/licenses/LICENSE-2.0</url>
    </license>
  </licenses>
  <developers>
    <developer>
      <name>Pivotal</name>
      <email>info@pivotal.io</email>
      <organization>Pivotal Software, Inc.</organization>
      <organizationUrl>https://www.spring.io</organizationUrl>
    </developer>
  </developers>
  <scm>
    <connection>scm:git:git://github.com/spring-projects/spring-boot.git/start-parent/start-site</connection>
    <developerConnection>scm:git:ssh://git@github.com/spring-projects/spring-boot.git/start-parent/start-site</developerConnection>
    <url>https://github.com/spring-projects/spring-boot/start-parent/start-site</url>
  </scm>
  <issueManagement>
    <system>GitHub</system>
    <url>https://github.com/spring-projects/spring-boot/issues</url>
  </issueManagement>
  <dependencies>
    <dependency>
      <groupId>org.springframework.boot</groupId>
      <artifactId>spring-boot-starter-actuator</artifactId>
      <version>2.3.1.RELEASE</version>
      <scope>compile</scope>
    </dependency>
    <dependency>
      <groupId>org.springframework.boot</groupId>
      <artifactId>spring-boot-starter-web</artifactId>
      <version>2.3.1.RELEASE</version>
      <scope>compile</scope>
    </dependency>
    <dependency>
      <groupId>io.spring.initializr</groupId>
      <artifactId>initializr-generator-spring</artifactId>
      <version>0.10.0-SNAPSHOT</version>
      <scope>compile</scope>
    </dependency>
    <dependency>
      <groupId>io.spring.initializr</groupId>
      <artifactId>initializr-version-resolver</artifactId>
      <version>0.10.0-SNAPSHOT</version>
      <scope>compile</scope>
    </dependency>
    <dependency>
      <groupId>io.spring.initializr</groupId>
      <artifactId>initializr-web</artifactId>
      <version>0.10.0-SNAPSHOT</version>
      <scope>compile</scope>
    </dependency>
    <dependency>
      <groupId>io.spring.initializr</groupId>
      <artifactId>initializr-actuator</artifactId>
      <version>0.10.0-SNAPSHOT</version>
      <scope>compile</scope>
    </dependency>
    <dependency>
      <groupId>io.spring.start</groupId>
      <artifactId>start-client</artifactId>
      <version>0.0.1-SNAPSHOT</version>
      <scope>runtime</scope>
    </dependency>
    <dependency>
      <groupId>javax.cache</groupId>
      <artifactId>cache-api</artifactId>
      <version>1.1.1</version>
      <scope>compile</scope>
    </dependency>
    <dependency>
      <groupId>org.ehcache</groupId>
      <artifactId>ehcache</artifactId>
      <version>3.8.1</version>
      <scope>compile</scope>
    </dependency>
    <dependency>
      <groupId>org.springframework.boot</groupId>
      <artifactId>spring-boot-devtools</artifactId>
      <version>2.3.1.RELEASE</version>
      <scope>compile</scope>
      <optional>true</optional>
    </dependency>
  </dependencies>
</project>
